gt all test,,,,od all test,,,,,,SS all test,,,,,,w_merge,,,,,,AUC MERGE,,,,
ID,cov_grid,cov_pix,,ID,cov_grid,cov_pix,diff,abs_diff,,ID,cov_grid,cov_pix,diff,abs_diff,,ID,cov_grid,cov_pix,diff,abs_diff,,ID,cov_grid,cov_pix,diff,abs_diff
20230710_102342_cov,1.746749878,1.746749878,,20230710_102342,4.312,4.209518433,2.462768555,2.462768555,,20230710_102342_grey,33.73060226,33.73060226,31.98385238,31.98385238,,20230710_102342_cov,24.0444,22.91469574,21.16794586,21.16794586,,20230710_102342_grey,1.2468,1.208591461,0.538158417,0.538158417
20230710_104109_cov,0.416564941,0.416564941,,20230710_104109,11.4516,11.38505936,10.96849442,10.96849442,,20230710_104109_grey,64.55211639,64.55211639,64.13555145,64.13555145,,20230710_104109_cov,54.3252,53.06015015,52.64358521,52.64358521,,20230710_104109_grey,0.3136,0.304412842,0.112152099,0.112152099
20230710_123436_cov,0.960350037,0.960350037,,20230710_123436,14.3392,14.25228119,13.29193115,13.29193115,,20230710_123436_grey,4.731845856,4.731845856,3.771495819,3.771495819,,20230710_123436_cov,3.3248,3.104400635,2.144050598,2.144050598,,20230710_123436_grey,0.9392,0.894546509,0.065803528,0.065803528
20230710_123536_cov,1.715087891,1.715087891,,20230710_123536,19.4196,19.27394867,17.55886078,17.55886078,,20230710_123536_grey,34.77945328,34.77945328,33.06436539,33.06436539,,20230710_123536_cov,27.5708,26.55057907,24.83549118,24.83549118,,20230710_123536_grey,1.708,1.668167114,0.046920777,0.046920777
20230710_123540_cov,0.336456299,0.336456299,,20230710_123540,10.9648,10.92357635,10.58712006,10.58712006,,20230710_123540_grey,7.243824005,7.243824005,6.907367706,6.907367706,,20230710_123540_cov,4.9732,4.633617401,4.297161102,4.297161102,,20230710_123540_grey,0.3496,0.326156616,0.010299683,0.010299683
20230710_130053_cov,0.933265686,0.933265686,,20230710_130053,8.1688,8.095359802,7.162094116,7.162094116,,20230710_130053_grey,4.631137848,4.631137848,3.697872162,3.697872162,,20230710_130053_cov,2.7272,2.497673035,1.564407349,1.564407349,,20230710_130053_grey,1.2272,1.191425323,-0.258159637,0.258159637
20230710_130203_gt,16.45431519,16.45431519,,20230710_130203,65.3844,65.12479782,48.67048263,48.67048263,,20230710_130203_grey,22.7101326,22.7101326,6.25581741,6.25581741,,20230710_130203_cov,23.3084,22.6682663,6.213951106,6.213951106,,20230710_130203_grey,23.1408,22.69983292,-6.245517726,6.245517726
20230710_130337_cov,2.987289429,2.987289429,,20230710_130337,3.9404,3.894901276,0.907611847,0.907611847,,20230710_130337_grey,2.219676971,2.219676971,-0.767612458,0.767612458,,20230710_130337_cov,2.7216,2.672672272,-0.314617157,0.314617157,,20230710_130337_grey,2.58,2.568054199,0.41923523,0.41923523
DSCN0021_gt,40.43083191,40.43083191,,DSCN0021,49.6384,49.24097061,8.810138702,8.810138702,,DSCN0021_grey,38.62714767,38.62714767,-1.80368424,1.80368424,,DSCN0021_cov,36.024,35.15701294,-5.273818971,5.273818971,,DSCN0021_grey,35.7124,35.25590897,5.174922944,5.174922944
DSCN0023_gt,33.60347748,33.60347748,,DSCN0023,45.072,44.52056885,10.91709137,10.91709137,,DSCN0023_grey,47.46599197,47.46599197,13.86251449,13.86251449,,DSCN0023_cov,43.3408,42.39063263,8.787155149,8.787155149,,DSCN0023_grey,46.8732,46.32339478,-12.7199173,12.7199173
DSCN0025_gt,42.53320694,42.53320694,,DSCN0025,36.584,36.19375229,-6.339454651,6.339454651,,DSCN0025_grey,58.64992142,58.64992142,16.11671448,16.11671448,,DSCN0025_cov,53.6416,52.81744003,10.28423309,10.28423309,,DSCN0025_grey,55.7748,55.29880524,-12.7655983,12.7655983
DSCN0034_gt,43.63689423,43.63689423,,DSCN0034,49.8772,49.447155,5.810260769,5.810260769,,DSCN0034_grey,44.45962906,44.45962906,0.82273483,0.82273483,,DSCN0034_cov,40.3744,39.43357468,-4.203319553,4.203319553,,DSCN0034_grey,41.0724,40.72084427,2.916049961,2.916049961
DSCN0040_gt,50.4450798,50.4450798,,DSCN0040,67.5964,67.25759506,16.81251526,16.81251526,,DSCN0040_grey,59.73958969,59.73958969,9.29450989,9.29450989,,DSCN0040_cov,54.6484,53.44104767,2.995967868,2.995967868,,DSCN0040_grey,56.2208,55.57994843,-5.134868625,5.134868625
DSCN0051_gt,17.18435287,17.18435287,,DSCN0051,38.5564,38.22126389,21.03691102,21.03691102,,DSCN0051_grey,15.20090103,15.20090103,-1.98345184,1.98345184,,DSCN0051_cov,19.6716,19.29759979,2.113246922,2.113246922,,DSCN0051_grey,18.4076,18.12295914,-0.938606267,0.938606267
DSCN0086_gt,34.56830978,34.56830978,,DSCN0086,56.4536,56.05897903,21.49066925,21.49066925,,DSCN0086_grey,43.92309189,43.92309189,9.35478211,9.35478211,,DSCN0086_cov,46.504,45.85189819,11.28358841,11.28358841,,DSCN0086_grey,46.4956,46.0606575,-11.49234772,11.49234772
DSCN0092_gt,67.47522354,67.47522354,,DSCN0092,27.5264,27.16932297,-40.30590057,40.30590057,,DSCN0092_grey,67.88444519,67.88444519,0.40922165,0.40922165,,DSCN0092_cov,65.2476,64.64099884,-2.8342247,2.8342247,,DSCN0092_grey,68.0528,67.74988174,-0.274658204,0.274658204
DSCN0125_gt,53.29275131,53.29275131,,DSCN0125,73.6596,73.10409546,19.81134415,19.81134415,,DSCN0125_grey,56.56299591,56.56299591,3.2702446,3.2702446,,DSCN0125_cov,55.4508,54.29821014,1.005458834,1.005458834,,DSCN0125_grey,58.2672,57.55176544,-4.259014132,4.259014132
DSCN0126_gt,40.35406113,40.35406113,,DSCN0126,54.492,53.9937973,13.63973617,13.63973617,,DSCN0126_grey,42.29764938,42.29764938,1.94358825,1.94358825,,DSCN0126_cov,38.4716,37.38908768,-2.964973453,2.964973453,,DSCN0126_grey,42.0476,41.49465561,-1.140594479,1.140594479
DSCN0132_gt,38.9131546,38.9131546,,DSCN0132,58.304,57.90271759,18.98956299,18.98956299,,DSCN0132_grey,50.87442398,50.87442398,11.96126938,11.96126938,,DSCN0132_cov,47.662,46.6460228,7.732868197,7.732868197,,DSCN0132_grey,51.126,50.51746368,-11.60430908,11.60430908
DSCN0156_gt,35.83059311,35.83059311,,DSCN0156,29.198,28.56273651,-7.267856599,7.267856599,,DSCN0156_grey,53.94239426,53.94239426,18.11180115,18.11180115,,DSCN0156_cov,46.9064,45.71275711,9.882164001,9.882164001,,DSCN0156_grey,43.7224,43.14651489,-7.315921783,7.315921783
DSCN0161_gt,82.93361664,82.93361664,,DSCN0161,23.8648,23.09389114,-59.8397255,59.8397255,,DSCN0161_grey,98.26564789,98.26564789,15.33203125,15.33203125,,DSCN0161_cov,96.274,95.87669373,12.94307709,12.94307709,,DSCN0161_grey,98.2328,98.06213379,-15.12851715,15.12851715
DSCN0177_gt,44.00873184,44.00873184,,DSCN0177,17.244,16.563797,-27.44493484,27.44493484,,DSCN0177_grey,45.45583725,45.45583725,1.44710541,1.44710541,,DSCN0177_cov,37.95,36.66400909,-7.344722746,7.344722746,,DSCN0177_grey,41.9408,41.2364006,2.772331236,2.772331236
DSCN0183_gt,23.68078232,23.68078232,,DSCN0183,47.1788,46.87595367,23.19517135,23.19517135,,DSCN0183_grey,32.94172287,32.94172287,9.26094055,9.26094055,,DSCN0183_cov,29.3448,28.67603302,4.9952507,4.9952507,,DSCN0183_grey,29.9792,29.67681885,-5.996036528,5.996036528
DSCN0189_gt,52.94656754,52.94656754,,DSCN0189,42.1452,41.53747559,-11.40909195,11.40909195,,DSCN0189_grey,60.42470932,60.42470932,7.47814178,7.47814178,,DSCN0189_cov,56.784,56.03618622,3.089618678,3.089618678,,DSCN0189_grey,58.3664,57.98902512,-5.042457576,5.042457576
DSCN0194_gt,65.82622528,65.82622528,,DSCN0194,35.658,35.01338959,-30.81283569,30.81283569,,DSCN0194_grey,77.21681595,77.21681595,11.39059067,11.39059067,,DSCN0194_cov,69.2528,68.20058823,2.374362946,2.374362946,,DSCN0194_grey,76.6004,76.04990005,-10.22367477,10.22367477
DSCN0200_gt,28.08923721,28.08923721,,DSCN0200,29.4708,28.87353897,0.784301761,0.784301761,,DSCN0200_grey,41.65735245,41.65735245,13.56811524,13.56811524,,DSCN0200_cov,35.748,34.70087051,6.611633304,6.611633304,,DSCN0200_grey,34.6268,34.20858383,-6.119346622,6.119346622
DSCN0202_gt,48.62470627,48.62470627,,DSCN0202,31.18,30.5188179,-18.10588837,18.10588837,,DSCN0202_grey,56.15921021,56.15921021,7.53450394,7.53450394,,DSCN0202_cov,51.2596,50.20751953,1.582813261,1.582813261,,DSCN0202_grey,53.6992,53.1537056,-4.528999327,4.528999327
DSCN0203_gt,67.91095734,67.91095734,,DSCN0203,49.8736,49.22657013,-18.68438721,18.68438721,,DSCN0203_grey,73.33269119,73.33269119,5.42173385,5.42173385,,DSCN0203_cov,67.4276,66.38298035,-1.527976993,1.527976993,,DSCN0203_grey,72.484,71.95425034,-4.043292996,4.043292996
DSCN0212_gt,48.14043045,48.14043045,,DSCN0212,27.8156,27.1938324,-20.94659805,20.94659805,,DSCN0212_grey,53.76605988,53.76605988,5.62562943,5.62562943,,DSCN0212_cov,48.6252,47.82896042,-0.311470031,0.311470031,,DSCN0212_grey,51.6748,51.32274628,-3.182315827,3.182315827
DSCN0215_gt,76.16014481,76.16014481,,DSCN0215,54.5376,53.71828079,-22.44186402,22.44186402,,DSCN0215_grey,71.82092667,71.82092667,-4.33921814,4.33921814,,DSCN0215_cov,67.324,66.21704102,-9.943103794,9.943103794,,DSCN0215_grey,68.426,67.84582138,8.314323429,8.314323429
DSCN0218_gt,63.04883957,63.04883957,,DSCN0218,28.8972,28.11937332,-34.92946625,34.92946625,,DSCN0218_grey,84.43145752,84.43145752,21.38261795,21.38261795,,DSCN0218_cov,79.6124,78.95870209,15.90986252,15.90986252,,DSCN0218_grey,83.844,83.51812363,-20.46928406,20.46928406
DSCN0221_gt,53.52945328,53.52945328,,DSCN0221,42.2264,41.4557457,-12.07370758,12.07370758,,DSCN0221_grey,73.64025116,73.64025116,20.11079788,20.11079788,,DSCN0221_cov,70.04,69.40793991,15.87848663,15.87848663,,DSCN0221_grey,72.0488,71.72136307,-18.19190979,18.19190979
DSCN0229_gt,100,100,,DSCN0229,57.6704,56.944561,-43.055439,43.055439,,DSCN0229_grey,98.9941597,98.9941597,-1.0058403,1.0058403,,DSCN0229_cov,96.806,96.27761841,-3.722381592,3.722381592,,DSCN0229_grey,98.9968,98.84204865,1.157951355,1.157951355
DSCN0231_gt,86.10925674,86.10925674,,DSCN0231,27.8556,27.10189819,-59.00735855,59.00735855,,DSCN0231_grey,97.01280594,97.01280594,10.9035492,10.9035492,,DSCN0231_cov,93.7808,93.18237305,7.073116307,7.073116307,,DSCN0231_grey,96.866,96.70848846,-10.59923172,10.59923172
DSCN0253_gt,31.57310486,31.57310486,,DSCN0253,36.6956,36.04412079,4.471015929,4.471015929,,DSCN0253_grey,53.76424789,53.76424789,22.19114303,22.19114303,,DSCN0253_cov,48.6704,47.68009186,16.106987,16.106987,,DSCN0253_grey,50.846,50.34503937,-18.77193451,18.77193451
DSCN0259_gt,93.69096756,93.69096756,,DSCN0259,74.9012,74.21569824,-19.47526932,19.47526932,,DSCN0259_grey,97.88093567,97.88093567,4.18996811,4.18996811,,DSCN0259_cov,97.1932,96.85668945,3.165721893,3.165721893,,DSCN0259_grey,98.1308,97.98822403,-4.29725647,4.29725647
DSCN0274_gt,66.66002274,66.66002274,,DSCN0274,31.5864,30.83896637,-35.82105637,35.82105637,,DSCN0274_grey,97.58043289,97.58043289,30.92041015,30.92041015,,DSCN0274_cov,94.4176,93.95990372,27.29988098,27.29988098,,DSCN0274_grey,97.2388,97.03788757,-30.37786483,30.37786483
DSCN0286_gt,18.68619919,18.68619919,,DSCN0286,37.2552,36.92674637,18.24054718,18.24054718,,DSCN0286_grey,17.63734818,17.63734818,-1.04885101,1.04885101,,DSCN0286_cov,20.1252,19.72932816,1.043128966,1.043128966,,DSCN0286_grey,17.3088,17.05121994,1.63497925,1.63497925
DSCN0301_gt,12.58792877,12.58792877,,DSCN0301,30.14,29.92343903,17.33551026,17.33551026,,DSCN0301_grey,12.21075058,12.21075058,-0.37717819,0.37717819,,DSCN0301_cov,12.6872,12.34693527,-0.240993498,0.240993498,,DSCN0301_grey,12.6104,12.37783432,0.21009445,0.21009445
DSCN0303_gt,13.63983154,13.63983154,,DSCN0303,33.4044,33.20846558,19.56863404,19.56863404,,DSCN0303_grey,14.85586166,14.85586166,1.21603012,1.21603012,,DSCN0303_cov,13.712,13.25149536,-0.388336179,0.388336179,,DSCN0303_grey,14.7616,14.4698143,-0.829982761,0.829982761
G0074875_gt,96.62408829,96.62408829,,G0074875,15.6172,14.87398148,-81.75010681,81.75010681,,G0074875_grey,86.76357269,86.76357269,-9.8605156,9.8605156,,G0074875_cov,79.5092,78.20367813,-18.42041016,18.42041016,,G0074875_grey,85.98,85.37607193,11.24801636,11.24801636
P7100016_gt,20.30649185,20.30649185,,P7100016,19,18.30692291,-1.999568937,1.999568937,,P7100016_grey,7.99036026,7.99036026,-12.31613159,12.31613159,,P7100016_cov,11.0528,10.3269577,-9.979534147,9.979534147,,P7100016_grey,7.7296,7.403373718,12.90311813,12.90311813
P7100021_cov,0.220680237,0.220680237,,P7100021,0.2716,0.251674652,0.030994415,0.030994415,,P7100021_grey,0.114440918,0.114440918,-0.106239319,0.106239319,,P7100021_cov,0.2404,0.221252441,0.000572204,0.000572204,,P7100021_grey,0.1972,0.184822083,0.035858154,0.035858154
P7100022_cov,0,0,,P7100022,7.3492,7.321739197,7.321739197,7.321739197,,P7100022_grey,0.145053864,0.145053864,0.145053864,0.145053864,,P7100022_cov,0.9612,0.894927979,0.894927979,0.894927979,,P7100022_grey,0.4176,0.396823883,-0.396823883,0.396823883
P7100032_cov,4.185771942,4.185771942,,P7100032,16.894,16.70513153,12.51935959,12.51935959,,P7100032_grey,5.338096619,5.338096619,1.152324677,1.152324677,,P7100032_cov,5.9568,5.741214752,1.55544281,1.55544281,,P7100032_grey,5.2876,5.183315277,-0.997543335,0.997543335
P7100033_cov,0.070285797,0.070285797,,P7100033,0.6612,0.655555725,0.585269928,0.585269928,,P7100033_grey,8.895206451,8.895206451,8.824920654,8.824920654,,P7100033_cov,6.7112,6.429767609,6.359481812,6.359481812,,P7100033_grey,0.066,0.065803528,0.004482269,0.004482269
P7100034_gt,6.761550903,6.761550903,,P7100034,31.4784,31.07767105,24.31612015,24.31612015,,P7100034_grey,5.606174469,5.606174469,-1.155376434,1.155376434,,P7100034_cov,8.8864,8.444499969,1.682949066,1.682949066,,P7100034_grey,8.4356,8.085918427,-1.324367524,1.324367524
P7100035_cov,2.505683899,2.505683899,,P7100035,17.8884,17.68512726,15.17944336,15.17944336,,P7100035_grey,8.014774323,8.014774323,5.509090424,5.509090424,,P7100035_cov,7.894,7.62386322,5.118179321,5.118179321,,P7100035_grey,2.6684,2.602863312,-0.097179413,0.097179413
P7100040_cov,1.725101471,1.725101471,,P7100040,14.7084,14.60866928,12.88356781,12.88356781,,P7100040_grey,3.424072266,3.424072266,1.698970795,1.698970795,,P7100040_cov,2.7568,2.549362183,0.824260712,0.824260712,,P7100040_grey,1.4564,1.363563538,0.361537933,0.361537933
P7100048_cov,1.192855835,1.192855835,,P7100048,22.4032,22.2032547,21.01039886,21.01039886,,P7100048_grey,3.25012207,3.25012207,2.057266235,2.057266235,,P7100048_cov,3.364,3.214836121,2.021980286,2.021980286,,P7100048_grey,1.6432,1.583766937,-0.390911102,0.390911102
P7100053_cov,1.693630219,1.693630219,,P7100053,2.534,2.414131165,0.720500946,0.720500946,,P7100053_grey,2.527523041,2.527523041,0.833892822,0.833892822,,P7100053_cov,2.986,2.88143158,1.187801361,1.187801361,,P7100053_grey,1.8564,1.782989502,-0.089359283,0.089359283
P7100070_cov,0.765228271,0.765228271,,P7100070,0.8584,0.807666779,0.042438508,0.042438508,,P7100070_grey,3.788566589,3.788566589,3.023338318,3.023338318,,P7100070_cov,2.9776,2.824401855,2.059173584,2.059173584,,P7100070_grey,0.788,0.745773315,0.019454956,0.019454956
P7100072_cov,1.082801819,1.082801819,,P7100072,5.6872,5.633544922,4.550743103,4.550743103,,P7100072_grey,0.888442993,0.888442993,-0.194358826,0.194358826,,P7100072_cov,1.0948,1.037120819,-0.045681,0.045681,,P7100072_grey,0.91,0.873470306,0.209331513,0.209331513
P7100075_cov,3.775119781,3.775119781,,P7100075,11.9848,11.76719666,7.992076874,7.992076874,,P7100075_grey,5.658245087,5.658245087,1.883125306,1.883125306,,P7100075_cov,6.294,6.040000916,2.264881135,2.264881135,,P7100075_grey,6.456,6.304264069,-2.529144288,2.529144288
P7100085_cov,0.573348999,0.573348999,,P7100085,11.5128,11.34500504,10.77165604,10.77165604,,P7100085_grey,6.306171417,6.306171417,5.732822418,5.732822418,,P7100085_cov,3.7948,3.521060944,2.947711945,2.947711945,,P7100085_grey,0.8044,0.796794891,-0.223445892,0.223445892
P7100089_cov,0.316333771,0.316333771,,P7100089,0.5852,0.55065155,0.234317779,0.234317779,,P7100089_grey,5.788326263,5.788326263,5.471992492,5.471992492,,P7100089_cov,2.7876,2.554893494,2.238559723,2.238559723,,P7100089_grey,0.544,0.514698029,-0.198364258,0.198364258
P7120097_cov,1.014709473,1.014709473,,P7120097,4.0544,4.024791718,3.010082245,3.010082245,,P7120097_grey,0.845527649,0.845527649,-0.169181824,0.169181824,,P7120097_cov,1.108,1.060199738,0.045490265,0.045490265,,P7120097_grey,1.1068,1.075458527,-0.060749054,0.060749054
P9290671_gt,62.33730316,62.33730316,,P9290671,46.3268,44.8266983,-17.51060486,17.51060486,,P9290671_grey,71.90322876,71.90322876,9.5659256,9.5659256,,P9290671_cov,65.3708,63.87138367,1.534080507,1.534080507,,P9290671_grey,71.6532,70.79792023,-8.460617067,8.460617067
P9290672_gt,78.38792801,78.38792801,,P9290672,36.6724,35.50405502,-42.88387299,42.88387299,,P9290672_grey,51.48525238,51.48525238,-26.90267563,26.90267563,,P9290672_cov,45.7076,44.18992996,-34.19799805,34.19799805,,P9290672_grey,49.1816,48.42605591,29.9618721,29.9618721
P9290674_gt,63.04588318,63.04588318,,P9290674,53.7624,52.80046463,-10.24541855,10.24541855,,P9290674_grey,69.21691895,69.21691895,6.17103577,6.17103577,,P9290674_cov,64.5092,63.2683754,0.222492217,0.222492217,,P9290674_grey,68.5348,67.92049408,-4.8746109,4.8746109
P9290685_gt,100,100,,P9290685,29.56,28.06329727,-71.93670273,71.93670273,,P9290685_grey,85.55183411,85.55183411,-14.44816589,14.44816589,,P9290685_cov,74.3188,73.04496765,-26.95503235,26.95503235,,P9290685_grey,85.056,84.60092545,15.39907455,15.39907455
P9290717_gt,96.74901962,96.74901962,,P9290717,40.6956,39.22872543,-57.52029419,57.52029419,,P9290717_grey,90.36169052,90.36169052,-6.3873291,6.3873291,,P9290717_cov,84.9808,84.09347534,-12.65554428,12.65554428,,P9290717_grey,90.3016,89.86110687,6.887912747,6.887912747
P9290719_gt,100,100,,P9290719,44.3912,42.93909073,-57.06090927,57.06090927,,P9290719_grey,97.77383804,97.77383804,-2.22616196,2.22616196,,P9290719_cov,93.9012,93.22843552,-6.771564484,6.771564484,,P9290719_grey,97.7684,97.61238098,2.387619019,2.387619019
P9290729_gt,70.84941864,70.84941864,,P9290729,24.7028,23.77128601,-47.07813263,47.07813263,,P9290729_grey,61.21101379,61.21101379,-9.63840485,9.63840485,,P9290729_cov,55.8416,54.96520996,-15.88420868,15.88420868,,P9290729_grey,58.8348,58.4066391,12.44277954,12.44277954
P9290732_gt,42.03767776,42.03767776,,P9290732,10.56,10.05525589,-31.98242187,31.98242187,,P9290732_grey,47.00880051,47.00880051,4.97112275,4.97112275,,P9290732_cov,41.8748,41.16363525,-0.874042506,0.874042506,,P9290732_grey,44.1292,43.78919601,-1.751518254,1.751518254
P9290733_gt,53.3288002,53.3288002,,P9290733,12.7936,12.06712723,-41.26167297,41.26167297,,P9290733_grey,54.22754288,54.22754288,0.89874268,0.89874268,,P9290733_cov,50.8628,50.26369095,-3.065109252,3.065109252,,P9290733_grey,54.2376,54.01325226,-0.684452058,0.684452058
P9290745_gt,76.56478882,76.56478882,,P9290745,20.3764,19.49682236,-57.06796646,57.06796646,,P9290745_grey,61.83338165,61.83338165,-14.73140717,14.73140717,,P9290745_cov,50.7552,49.44906235,-27.11572647,27.11572647,,P9290745_grey,57.4596,56.85997009,19.70481873,19.70481873
P9290746_gt,68.25799942,68.25799942,,P9290746,21.8248,20.96605301,-47.29194641,47.29194641,,P9290746_grey,56.45332336,56.45332336,-11.80467606,11.80467606,,P9290746_cov,47.1456,45.88975906,-22.36824036,22.36824036,,P9290746_grey,55.2472,54.69760895,13.56039047,13.56039047
P9290750_gt,70.04423141,70.04423141,,P9290750,21.806,20.76005936,-49.28417205,49.28417205,,P9290750_grey,66.41864777,66.41864777,-3.62558364,3.62558364,,P9290750_cov,62.6316,62.08982468,-7.954406733,7.954406733,,P9290750_grey,64.4916,64.30025101,5.743980403,5.743980403
P9290755_gt,65.27957916,65.27957916,,P9290755,29.8864,28.61824036,-36.6613388,36.6613388,,P9290755_grey,63.49372864,63.49372864,-1.78585052,1.78585052,,P9290755_cov,55.2812,54.15248871,-11.12709045,11.12709045,,P9290755_grey,61.8816,61.43894196,3.840637204,3.840637204
P9290756_gt,100,100,,P9290756,45.1388,43.43261719,-56.56738281,56.56738281,,P9290756_grey,98.22235107,98.22235107,-1.77764893,1.77764893,,P9290756_cov,94.5812,94.06490326,-5.935096741,5.935096741,,P9290756_grey,98.1868,98.03256989,1.967430115,1.967430115
PA210060_gt,77.76050568,77.76050568,,PA210060,44.2284,42.47150421,-35.28900147,35.28900147,,PA210060_grey,79.29887772,79.29887772,1.53837204,1.53837204,,PA210060_cov,77.3324,76.27725601,-1.483249668,1.483249668,,PA210060_grey,79.694,79.21209335,-1.451587673,1.451587673
PA210086_gt,45.23324966,45.23324966,,PA210086,46.9676,45.74327469,0.510025029,0.510025029,,PA210086_grey,67.56639481,67.56639481,22.33314515,22.33314515,,PA210086_cov,63.2032,62.01763153,16.78438187,16.78438187,,PA210086_grey,65.1836,64.54668045,-19.31343079,19.31343079
PA210087_gt,64.25600052,64.25600052,,PA210087,44.8716,43.70260239,-20.55339813,20.55339813,,PA210087_grey,67.15259552,67.15259552,2.896595,2.896595,,PA210087_cov,63.7088,62.69006729,-1.565933229,1.565933229,,PA210087_grey,63.6964,63.13962936,1.116371156,1.116371156
PA210131_gt,54.04510498,54.04510498,,PA210131,39.0916,37.50047684,-16.54462814,16.54462814,,PA210131_grey,54.36563492,54.36563492,0.32052994,0.32052994,,PA210131_cov,52.46,51.0969162,-2.948188781,2.948188781,,PA210131_grey,54.7592,54.01964188,0.025463104,0.025463104
PA210144_gt,24.7759819,24.7759819,,PA210144,32.3332,31.30426407,6.528282169,6.528282169,,PA210144_grey,27.53133774,27.53133774,2.75535584,2.75535584,,PA210144_cov,25.8316,24.60441589,-0.171566006,0.171566006,,PA210144_grey,21.248,20.6902504,4.085731503,4.085731503
PA210186_gt,78.76558304,78.76558304,,PA210186,55.3912,53.82890701,-24.93667603,24.93667603,,PA210186_grey,80.98049164,80.98049164,2.2149086,2.2149086,,PA210186_cov,78.6076,77.57081985,-1.194763185,1.194763185,,PA210186_grey,81.0888,80.61876297,-1.85317993,1.85317993
PA210191_gt,79.03423309,79.03423309,,PA210191,52.2824,51.11265182,-27.92158127,27.92158127,,PA210191_grey,72.77555466,72.77555466,-6.25867843,6.25867843,,PA210191_cov,71.8844,70.72496414,-8.309268948,8.309268948,,PA210191_grey,73.162,72.55592346,6.478309628,6.478309628
PA210193_gt,68.33715439,68.33715439,,PA210193,47.2152,46.10261917,-22.23453522,22.23453522,,PA210193_grey,69.33507919,69.33507919,0.9979248,0.9979248,,PA210193_cov,67.4952,66.45421982,-1.882934572,1.882934572,,PA210193_grey,69.618,69.06204224,-0.724887846,0.724887846
PA210194_gt,49.71141815,49.71141815,,PA210194,41.878,40.80257416,-8.908843992,8.908843992,,PA210194_grey,56.30884171,56.30884171,6.59742356,6.59742356,,PA210194_cov,52.8508,51.68371201,1.972293856,1.972293856,,PA210194_grey,56.5036,55.83600998,-6.124591829,6.124591829
PA210272_gt,77.80046463,77.80046463,,PA210272,52.8196,51.78518295,-26.01528168,26.01528168,,PA210272_grey,64.15319443,64.15319443,-13.6472702,13.6472702,,PA210272_cov,58.7216,57.43217468,-20.36828995,20.36828995,,PA210272_grey,62.1368,61.46593094,16.33453369,16.33453369
background_h_49_gt,0,0,,background_h_49,4.2528,4.204940796,4.204940796,4.204940796,,background_h_49_grey,0.742721558,0.742721558,0.742721558,0.742721558,,background_h_49_cov,0.6388,0.618743896,0.618743896,0.618743896,,background_h_49_grey,0,0,0,0
background_h_55_gt,0,0,,background_h_55,0.1824,0.185966492,0.185966492,0.185966492,,background_h_55_grey,11.34538651,11.34538651,11.34538651,11.34538651,,background_h_55_cov,8.1832,7.823371887,7.823371887,7.823371887,,background_h_55_grey,0,0,0,0
bckgrnd_30546_gt,0,0,,bckgrnd_30546,1.2296,1.189231873,1.189231873,1.189231873,,bckgrnd_30546_grey,5.614376068,5.614376068,5.614376068,5.614376068,,bckgrnd_30546_cov,4.0352,3.757953644,3.757953644,3.757953644,,bckgrnd_30546_grey,0,0,0,0
bio_P9172058_gt,61.03134155,61.03134155,,bio_P9172058,54.6324,54.27207947,-6.759262082,6.759262082,,bio_P9172058_grey,56.68878555,56.68878555,-4.342556,4.342556,,bio_P9172058_cov,55.9752,55.02185822,-6.009483335,6.009483335,,bio_P9172058_grey,57.2728,56.67695999,4.354381559,4.354381559
hali_web_3_gt,54.53367233,54.53367233,,hali_web_3,80.0084,79.66156006,25.12788773,25.12788773,,hali_web_3_grey,65.10858536,65.10858536,10.57491303,10.57491303,,hali_web_3_cov,64.2352,63.14401627,8.610343936,8.610343936,,hali_web_3_grey,65.3344,64.64338303,-10.1097107,10.1097107
halimeda_103_cov,3.481292725,3.481292725,,halimeda_103,14.4532,14.18533325,10.70404053,10.70404053,,halimeda_103_grey,20.22733688,20.22733688,16.74604416,16.74604416,,halimeda_103_cov,13.7292,12.63132095,9.150028228,9.150028228,,halimeda_103_grey,2.7888,2.66828537,0.813007355,0.813007355
halimeda_104_cov,4.923534393,4.923534393,,halimeda_104,15.3876,15.13824463,10.21471024,10.21471024,,halimeda_104_grey,27.42261887,27.42261887,22.49908448,22.49908448,,halimeda_104_cov,22.0148,21.02870941,16.10517502,16.10517502,,halimeda_104_grey,12.4704,12.19434738,-7.270812989,7.270812989
halimeda_107_cov,5.638027191,5.638027191,,halimeda_107,29.124,28.8526535,23.21462631,23.21462631,,halimeda_107_grey,7.02419281,7.02419281,1.386165619,1.386165619,,halimeda_107_cov,8.8808,8.53395462,2.895927429,2.895927429,,halimeda_107_grey,8.1876,7.963275909,-2.325248718,2.325248718
halimeda_113_cov,5.464553833,5.464553833,,halimeda_113,21.8084,21.43592834,15.97137451,15.97137451,,halimeda_113_grey,26.88808441,26.88808441,21.42353058,21.42353058,,halimeda_113_cov,24.5984,23.7455368,18.28098297,18.28098297,,halimeda_113_grey,24.6776,24.21913147,-18.75457764,18.75457764
halimeda_115_cov,7.689857483,7.689857483,,halimeda_115,32.796,32.15198517,24.46212769,24.46212769,,halimeda_115_grey,42.15631485,42.15631485,34.46645737,34.46645737,,halimeda_115_cov,35.256,33.34083557,25.65097809,25.65097809,,halimeda_115_grey,39.7352,38.79861832,-31.10876083,31.10876083
halimeda_125_cov,49.47147369,49.47147369,,halimeda_125,71.2024,70.98197937,21.51050568,21.51050568,,halimeda_125_grey,37.90407181,37.90407181,-11.56740188,11.56740188,,halimeda_125_cov,71.1372,70.86277008,21.39129639,21.39129639,,halimeda_125_grey,71.0136,70.77722549,-21.3057518,21.3057518
halimeda_139_cov,1.800823212,1.800823212,,halimeda_139,7.424,7.083892822,5.28306961,5.28306961,,halimeda_139_grey,71.74158096,71.74158096,69.94075775,69.94075775,,halimeda_139_cov,67.3284,66.32604599,64.52522278,64.52522278,,halimeda_139_grey,71.1064,70.52202225,-68.72119904,68.72119904
halimeda_140_cov,0.594806671,0.594806671,,halimeda_140,2.536,2.37569809,1.780891419,1.780891419,,halimeda_140_grey,55.90314865,55.90314865,55.30834198,55.30834198,,halimeda_140_cov,51.472,50.75159073,50.15678406,50.15678406,,halimeda_140_grey,0.7252,0.699234009,-0.104427338,0.104427338
halimeda_154_cov,0.808811188,0.808811188,,halimeda_154,15.7312,15.64664841,14.83783722,14.83783722,,halimeda_154_grey,4.594039917,4.594039917,3.785228729,3.785228729,,halimeda_154_cov,3.4404,3.178024292,2.369213104,2.369213104,,halimeda_154_grey,2.4904,2.424049377,-1.615238189,1.615238189
halimeda_174_cov,4.295349121,4.295349121,,halimeda_174,32.6356,32.33880997,28.04346085,28.04346085,,halimeda_174_grey,7.302761078,7.302761078,3.007411957,3.007411957,,halimeda_174_cov,6.92,6.532287598,2.236938477,2.236938477,,halimeda_174_grey,6.0344,5.820274353,-1.524925232,1.524925232
halimeda_177_cov,4.150772095,4.150772095,,halimeda_177,9.1496,8.708953857,4.558181762,4.558181762,,halimeda_177_grey,7.574558258,7.574558258,3.423786163,3.423786163,,halimeda_177_cov,7.8208,7.325172424,3.174400329,3.174400329,,halimeda_177_grey,6.574,6.315040588,-2.164268493,2.164268493
halimeda_192_cov,1.481819153,1.481819153,,halimeda_192,10.8664,10.61315536,9.131336212,9.131336212,,halimeda_192_grey,7.717227936,7.717227936,6.235408783,6.235408783,,halimeda_192_cov,6.5488,6.166553497,4.684734344,4.684734344,,halimeda_192_grey,2.2476,2.148914337,-0.667095184,0.667095184
halimeda_200_cov,0.850486755,0.850486755,,halimeda_20,23.3576,23.20404053,22.35355377,22.35355377,,halimeda_200_grey,1.187992096,1.187992096,0.337505341,0.337505341,,halimeda_200_cov,1.328,1.234912872,0.384426117,0.384426117,,halimeda_200_grey,0.7344,0.69103241,0.159454345,0.159454345
halimeda_201_cov,1.196193695,1.196193695,,halimeda_200,1.606,1.513290405,0.31709671,0.31709671,,halimeda_201_grey,1.580142975,1.580142975,0.38394928,0.38394928,,halimeda_201_cov,1.4792,1.380729675,0.18453598,0.18453598,,halimeda_201_grey,1.4756,1.412963867,-0.216770172,0.216770172
halimeda_206_cov,2.48041153,2.48041153,,halimeda_201,2.0704,1.968383789,-0.512027741,0.512027741,,halimeda_206_grey,2.389240265,2.389240265,-0.091171265,0.091171265,,halimeda_206_cov,2.766,2.657985687,0.177574157,0.177574157,,halimeda_206_grey,2.5244,2.45885849,0.02155304,0.02155304
halimeda_20_cov,5.203914642,5.203914642,,halimeda_206,7.01,6.920719147,1.716804505,1.716804505,,halimeda_20_grey,8.068943024,8.068943024,2.865028382,2.865028382,,halimeda_20_cov,7.3392,7.014846802,1.81093216,1.81093216,,halimeda_20_grey,7.1788,6.98184967,-1.777935028,1.777935028
halimeda_217_cov,3.965187073,3.965187073,,halimeda_217,37.548,37.1723175,33.20713043,33.20713043,,halimeda_217_grey,4.869174957,4.869174957,0.903987884,0.903987884,,halimeda_217_cov,5.3044,4.996681213,1.03149414,1.03149414,,halimeda_217_grey,4.7628,4.568862915,-0.603675842,0.603675842
halimeda_219_cov,2.404880524,2.404880524,,halimeda_219,29.4404,29.18376923,26.7788887,26.7788887,,halimeda_219_grey,1.860713959,1.860713959,-0.544166565,0.544166565,,halimeda_219_cov,3.9516,3.830623627,1.425743103,1.425743103,,halimeda_219_grey,3.8784,3.775024414,-1.37014389,1.37014389
halimeda_230_cov,1.651573181,1.651573181,,halimeda_230,18.7048,18.52493286,16.87335968,16.87335968,,halimeda_230_grey,5.884552002,5.884552002,4.232978821,4.232978821,,halimeda_230_cov,4.718,4.480838776,2.829265595,2.829265595,,halimeda_230_grey,2.0632,2.005004883,-0.353431702,0.353431702
halimeda_236_cov,0,0,,halimeda_236,0.1792,0.173950195,0.173950195,0.173950195,,halimeda_236_grey,2.334308624,2.334308624,2.334308624,2.334308624,,halimeda_236_cov,1.5952,1.486110687,1.486110687,1.486110687,,halimeda_236_grey,0.1792,0.173950195,-0.173950195,0.173950195
halimeda_237_cov,0,0,,halimeda_237,2.436,2.380084991,2.380084991,2.380084991,,halimeda_237_grey,18.81875992,18.81875992,18.81875992,18.81875992,,halimeda_237_cov,12.5036,11.91663742,11.91663742,11.91663742,,halimeda_237_grey,0,0,0,0
halimeda_238_cov,0,0,,halimeda_238,9.492,9.367084503,9.367084503,9.367084503,,halimeda_238_grey,11.48862839,11.48862839,11.48862839,11.48862839,,halimeda_238_cov,8.9492,8.587932587,8.587932587,8.587932587,,halimeda_238_grey,3.2264,3.175735474,-3.175735474,3.175735474
halimeda_24_cov,4.665565491,4.665565491,,halimeda_24,18.5952,18.40734482,13.74177933,13.74177933,,halimeda_24_grey,4.959487915,4.959487915,0.293922424,0.293922424,,halimeda_24_cov,5.3664,5.155563354,0.489997863,0.489997863,,halimeda_24_grey,4.5612,4.445648193,0.219917298,0.219917298
halimeda_252_cov,4.658031464,4.658031464,,halimeda_25,8.392,8.225822449,3.567790985,3.567790985,,halimeda_252_grey,19.75564957,19.75564957,15.09761811,15.09761811,,halimeda_252_cov,16.8884,16.21961594,11.56158447,11.56158447,,halimeda_252_grey,3.634,3.529834747,1.128196717,1.128196717
halimeda_254_cov,6.451797485,6.451797485,,halimeda_252,7.6492,7.475757599,1.023960114,1.023960114,,halimeda_254_grey,19.10438538,19.10438538,12.6525879,12.6525879,,halimeda_254_cov,19.7932,18.5336113,12.08181381,12.08181381,,halimeda_254_grey,12.3852,11.89775467,-5.445957184,5.445957184
halimeda_25_cov,1.037311554,1.037311554,,halimeda_254,50.9092,50.34761429,49.31030273,49.31030273,,halimeda_25_grey,1.772022247,1.772022247,0.734710693,0.734710693,,halimeda_25_cov,2.0552,2.000904083,0.963592529,0.963592529,,halimeda_25_grey,2.2548,2.211856842,-1.174545288,1.174545288
halimeda_264_cov,17.92755127,17.92755127,,halimeda_264,62.5012,62.01543808,44.08788681,44.08788681,,halimeda_264_grey,22.93243408,22.93243408,5.00488281,5.00488281,,halimeda_264_cov,27.9164,26.77373886,8.846187591,8.846187591,,halimeda_264_grey,26.854,26.13153458,-8.203983306,8.203983306
halimeda_273_cov,4.767131805,4.767131805,,halimeda_273,18.03,17.7980423,13.03091049,13.03091049,,halimeda_273_grey,16.61920547,16.61920547,11.85207367,11.85207367,,halimeda_273_cov,14.5324,13.76171112,8.994579316,8.994579316,,halimeda_273_grey,8.224,7.96289444,-3.195762635,3.195762635
halimeda_277_cov,0,0,,halimeda_277,0,0,0,0,,halimeda_277_grey,2.930831909,2.930831909,2.930831909,2.930831909,,halimeda_277_cov,1.5556,1.398468018,1.398468018,1.398468018,,halimeda_277_grey,0,0,0,0
halimeda_282_cov,0,0,,halimeda_282,91,91.015625,91.015625,91.015625,,halimeda_282_grey,42.09318161,42.09318161,42.09318161,42.09318161,,halimeda_282_cov,36.1008,35.03456116,35.03456116,35.03456116,,halimeda_282_grey,0,0,0,0
halimeda_291_cov,0,0,,halimeda_291,0,0,0,0,,halimeda_291_grey,43.79720688,43.79720688,43.79720688,43.79720688,,halimeda_291_cov,41.2716,40.94381332,40.94381332,40.94381332,,halimeda_291_grey,0,0,0,0
halimeda_31_SS_gt,39.87522125,39.87522125,,halimeda_3,8.6904,8.542919159,-31.33230209,31.33230209,,halimeda_31_SS_grey,66.50257111,66.50257111,26.62734986,26.62734986,,halimeda_31_SS_cov,61.3396,59.43918228,19.56396103,19.56396103,,halimeda_31_SS_grey,0.136,0.126457214,39.74876404,39.74876404
halimeda_31_cov,0.130653381,0.130653381,,halimeda_31,17.1888,17.15164185,17.02098846,17.02098846,,halimeda_31_grey,0.528907776,0.528907776,0.398254395,0.398254395,,halimeda_31_cov,0.8156,0.717449188,0.586795807,0.586795807,,halimeda_31_grey,18.8976,18.17550659,-18.04485321,18.04485321
halimeda_33_gt,51.08385086,51.08385086,,halimeda_31_SS,68.392,67.8689003,16.78504944,16.78504944,,halimeda_33_grey,44.82603073,44.82603073,-6.25782013,6.25782013,,halimeda_33_cov,48.2464,47.45187759,-3.631973266,3.631973266,,halimeda_33_grey,47.2784,46.74053192,4.343318939,4.343318939
halimeda_3_cov,9.522914886,9.522914886,,halimeda_33,66.936,66.60661697,57.08370209,57.08370209,,halimeda_3_grey,78.83253098,78.83253098,69.30961609,69.30961609,,halimeda_3_cov,73.4624,72.37234116,62.84942627,62.84942627,,halimeda_3_grey,2.8472,2.772331238,6.750583648,6.750583648
halimeda_47_cov,0.81653595,0.81653595,,halimeda_47,10.5096,10.38970947,9.573173523,9.573173523,,halimeda_47_grey,0.971412659,0.971412659,0.154876709,0.154876709,,halimeda_47_cov,1.1048,1.061248779,0.244712829,0.244712829,,halimeda_47_grey,1.0948,1.058292389,-0.241756439,0.241756439
halimeda_50_cov,0.949287415,0.949287415,,halimeda_50,6.4052,6.259918213,5.310630798,5.310630798,,halimeda_50_grey,1.497459412,1.497459412,0.548171997,0.548171997,,halimeda_50_cov,2.006,1.88741684,0.938129425,0.938129425,,halimeda_50_grey,1.7144,1.644134521,-0.694847106,0.694847106
halimeda_52_cov,2.508163452,2.508163452,,halimeda_52,13.0288,12.86563873,10.35747528,10.35747528,,halimeda_52_grey,3.738594055,3.738594055,1.230430603,1.230430603,,halimeda_52_cov,3.9192,3.729057312,1.22089386,1.22089386,,halimeda_52_grey,3.8232,3.723812103,-1.215648651,1.215648651
halimeda_61_cov,0.230789185,0.230789185,,halimeda_61,3.2592,3.036212921,2.805423736,2.805423736,,halimeda_61_grey,25.21791458,25.21791458,24.9871254,24.9871254,,halimeda_61_cov,21.4784,20.78437805,20.55358887,20.55358887,,halimeda_61_grey,15.1872,14.95265961,-14.72187042,14.72187042
halimeda_71_cov,1.67131424,1.67131424,,halimeda_71,4.5204,4.249000549,2.577686309,2.577686309,,halimeda_71_grey,31.50777817,31.50777817,29.83646393,29.83646393,,halimeda_71_cov,21.8176,20.25127411,18.57995987,18.57995987,,halimeda_71_grey,1.9264,1.819229126,-0.147914886,0.147914886
halimeda_81_cov,9.714508057,9.714508057,,halimeda_8,0,0,-9.714508057,9.714508057,,halimeda_81_grey,13.49058151,13.49058151,3.776073453,3.776073453,,halimeda_81_cov,14.254,13.74902725,4.034519195,4.034519195,,halimeda_81_grey,12.7644,12.47091293,-2.756404876,2.756404876
halimeda_87_cov,5.821037292,5.821037292,,halimeda_81,27.5984,27.26202011,21.44098282,21.44098282,,halimeda_87_grey,12.82777786,12.82777786,7.006740568,7.006740568,,halimeda_87_cov,13.4724,12.8663063,7.045269013,7.045269013,,halimeda_87_grey,14.8848,14.49222565,-8.671188355,8.671188355
halimeda_88_cov,5.631732941,5.631732941,,halimeda_87,22.9448,22.45979309,16.82806015,16.82806015,,halimeda_88_grey,7.702255249,7.702255249,2.070522308,2.070522308,,halimeda_88_cov,10.7416,10.22720337,4.595470428,4.595470428,,halimeda_88_grey,9.1836,8.880710602,-3.248977661,3.248977661
halimeda_8_cov,0,0,,halimeda_88,28.892,28.42235565,28.42235565,28.42235565,,halimeda_8_grey,0.570964813,0.570964813,0.570964813,0.570964813,,halimeda_8_cov,0.2328,0.19197464,0.19197464,0.19197464,,halimeda_8_grey,0,0,0,0
halimeda_92_cov,14.06488419,14.06488419,,halimeda_9,0,0,-14.06488419,14.06488419,,halimeda_92_grey,33.38918686,33.38918686,19.32430267,19.32430267,,halimeda_92_cov,32.4564,31.29281998,17.22793579,17.22793579,,halimeda_92_grey,34.6548,33.87355804,-19.80867385,19.80867385
halimeda_9_cov,0,0,,halimeda_92,39.1852,38.8666153,38.8666153,38.8666153,,halimeda_9_grey,0,0,0,0,,halimeda_9_cov,0,0,0,0,,halimeda_9_grey,0,0,0,0
rsz_PA210097_gt,55.76496124,55.76496124,,rsz_PA210097,58.972,57.92341232,2.158451083,2.158451083,,rsz_PA210097_grey,62.32976913,62.32976913,6.56480789,6.56480789,,rsz_PA210097_cov,59.792,58.55455399,2.789592746,2.789592746,,rsz_PA210097_grey,63.122,62.3468399,-6.581878665,6.581878665
,,,,,,,-1.515214246,19.85095533,,,,,7.399201214,9.973105094,,,,,4.486903571,8.847584402,,,,,-2.295978804,5.989679896
,,,,,,,,,,,,,,,,,,,,,,,,,,
,,,,,,,,,,,,,,,,,,,,,,,,,,
,,,,,,,,,,,,,,,,,,,,,,,,,,
,,,,,,,,,,,,,,,,,,,,,,,,,,
,,,,,,,,,,,,,,,,,,,,,,,,,,
,,,,,,OD,SS,W_merge,AUC,,,,,,,,,,,,,,,,,
,,,,,,28.06908744,9.973105094,,5.989679896,,,,,,,,,,,,,,,,,
